Date,Time,Latitude,Longitude,Channel,RSSI,Adjusted Value,Antenna Gain,Cable Loss
05/14/2026,10:25:17:159,0.000000,0.000000,1,-107.76,-107.76,0,0,
05/14/2026,10:25:17:402,0.000000,0.000000,1,-108.09,-108.09,0,0,
05/14/2026,10:25:17:645,0.000000,0.000000,1,-108.51,-108.51,0,0,
05/14/2026,10:25:17:890,0.000000,0.000000,1,-110.56,-110.56,0,0,
05/14/2026,10:25:18:159,0.000000,0.000000,1,-108.33,-108.33,0,0,
05/14/2026,10:25:18:398,0.000000,0.000000,1,-105.44,-105.44,0,0,
05/14/2026,10:25:18:626,0.000000,0.000000,1,-118.23,-118.23,0,0,
05/14/2026,10:25:18:868,0.000000,0.000000,1,-113.19,-113.19,0,0,
05/14/2026,10:25:19:115,0.000000,0.000000,1,-107.64,-107.64,0,0,
05/14/2026,10:25:19:361,0.000000,0.000000,1,-107.07,-107.07,0,0,
05/14/2026,10:25:19:610,0.000000,0.000000,1,-104.88,-104.88,0,0,
05/14/2026,10:25:19:884,0.000000,0.000000,1,-111.05,-111.05,0,0,
05/14/2026,10:25:20:094,0.000000,0.000000,1,-105.54,-105.54,0,0,
05/14/2026,10:25:20:345,0.000000,0.000000,1,-107.34,-107.34,0,0,
05/14/2026,10:25:20:584,0.000000,0.000000,1,-113.26,-113.26,0,0,
05/14/2026,10:25:20:830,0.000000,0.000000,1,-107.21,-107.21,0,0,
05/14/2026,10:25:21:077,0.000000,0.000000,1,-105.93,-105.93,0,0,
05/14/2026,10:25:21:317,0.000000,0.000000,1,-111.88,-111.88,0,0,
05/14/2026,10:25:21:563,0.000000,0.000000,1,-108.25,-108.25,0,0,
05/14/2026,10:25:21:846,0.000000,0.000000,1,-109.56,-109.56,0,0,
05/14/2026,10:25:22:378,0.000000,0.000000,1,-103.19,-103.19,0,0,
05/14/2026,10:25:22:466,0.000000,0.000000,1,-102.73,-102.73,0,0,
05/14/2026,10:25:22:542,0.000000,0.000000,1,-106.67,-106.67,0,0,
05/14/2026,10:25:22:788,0.000000,0.000000,1,-109.67,-109.67,0,0,
05/14/2026,10:25:23:033,0.000000,0.000000,1,-108.91,-108.91,0,0,
05/14/2026,10:25:23:311,0.000000,0.000000,1,-107.03,-107.03,0,0,
05/14/2026,10:25:23:561,0.000000,0.000000,1,-107.36,-107.36,0,0,
05/14/2026,10:25:23:768,0.000000,0.000000,1,-106.26,-106.26,0,0,
05/14/2026,10:25:24:011,0.000000,0.000000,1,-105.14,-105.14,0,0,
05/14/2026,10:25:24:256,0.000000,0.000000,1,-107.2,-107.2,0,0,
05/14/2026,10:25:24:500,0.000000,0.000000,1,-108.62,-108.62,0,0,
05/14/2026,10:25:24:748,0.000000,0.000000,1,-107.97,-107.97,0,0,
05/14/2026,10:25:25:003,0.000000,0.000000,1,-111.1,-111.1,0,0,
05/14/2026,10:25:25:236,0.000000,0.000000,1,-106.42,-106.42,0,0,
05/14/2026,10:25:25:487,0.000000,0.000000,1,-108.2,-108.2,0,0,
05/14/2026,10:25:25:724,0.000000,0.000000,1,-111.48,-111.48,0,0,
05/14/2026,10:25:25:970,0.000000,0.000000,1,-108.47,-108.47,0,0,
05/14/2026,10:25:26:214,0.000000,0.000000,1,-112.35,-112.35,0,0,
05/14/2026,10:25:26:459,0.000000,0.000000,1,-104.98,-104.98,0,0,
05/14/2026,10:25:26:709,0.000000,0.000000,1,-112.89,-112.89,0,0,
05/14/2026,10:25:26:951,0.000000,0.000000,1,-101.25,-101.25,0,0,
05/14/2026,10:25:27:232,0.000000,0.000000,1,-108.65,-108.65,0,0,
05/14/2026,10:25:27:647,0.000000,0.000000,1,-106.69,-106.69,0,0,
05/14/2026,10:25:27:719,0.000000,0.000000,1,-107.09,-107.09,0,0,
05/14/2026,10:25:27:930,0.000000,0.000000,1,-108.31,-108.31,0,0,
05/14/2026,10:25:28:176,0.000000,0.000000,1,-104.23,-104.23,0,0,
05/14/2026,10:25:28:416,0.000000,0.000000,1,-106.7,-106.7,0,0,
05/14/2026,10:25:28:670,0.000000,0.000000,1,-109.75,-109.75,0,0,
05/14/2026,10:25:28:911,0.000000,0.000000,1,-114.85,-114.85,0,0,
05/14/2026,10:25:29:161,0.000000,0.000000,1,-110.87,-110.87,0,0,
05/14/2026,10:25:29:400,0.000000,0.000000,1,-103.26,-103.26,0,0,
05/14/2026,10:25:29:641,0.000000,0.000000,1,-112.66,-112.66,0,0,
05/14/2026,10:25:29:889,0.000000,0.000000,1,-103.66,-103.66,0,0,
05/14/2026,10:25:30:137,0.000000,0.000000,1,-107.07,-107.07,0,0,
05/14/2026,10:25:30:375,0.000000,0.000000,1,-110.64,-110.64,0,0,
05/14/2026,10:25:30:620,0.000000,0.000000,1,-104.56,-104.56,0,0,
05/14/2026,10:25:30:916,0.000000,0.000000,1,-108.12,-108.12,0,0,
05/14/2026,10:25:31:119,0.000000,0.000000,1,-105.49,-105.49,0,0,
05/14/2026,10:25:31:357,0.000000,0.000000,1,-106.65,-106.65,0,0,
05/14/2026,10:25:31:604,0.000000,0.000000,1,-103.31,-103.31,0,0,
05/14/2026,10:25:31:849,0.000000,0.000000,1,-106.81,-106.81,0,0,
05/14/2026,10:25:32:105,0.000000,0.000000,1,-107.94,-107.94,0,0,
05/14/2026,10:25:32:334,0.000000,0.000000,1,-105.93,-105.93,0,0,
05/14/2026,10:25:32:584,0.000000,0.000000,1,-106.36,-106.36,0,0,
05/14/2026,10:25:33:029,0.000000,0.000000,1,-107.85,-107.85,0,0,
05/14/2026,10:25:33:184,0.000000,0.000000,1,-104.66,-104.66,0,0,
05/14/2026,10:25:33:315,0.000000,0.000000,1,-108.71,-108.71,0,0,
05/14/2026,10:25:33:559,0.000000,0.000000,1,-106.63,-106.63,0,0,
05/14/2026,10:25:33:805,0.000000,0.000000,1,-107.85,-107.85,0,0,
05/14/2026,10:25:34:048,0.000000,0.000000,1,-111.17,-111.17,0,0,
05/14/2026,10:25:34:294,0.000000,0.000000,1,-106.6,-106.6,0,0,
05/14/2026,10:25:34:538,0.000000,0.000000,1,-110.61,-110.61,0,0,
05/14/2026,10:25:34:829,0.000000,0.000000,1,-101.23,-101.23,0,0,
05/14/2026,10:25:35:081,0.000000,0.000000,1,-104.14,-104.14,0,0,
05/14/2026,10:25:35:275,0.000000,0.000000,1,-104.3,-104.3,0,0,
05/14/2026,10:25:35:521,0.000000,0.000000,1,-105.71,-105.71,0,0,
05/14/2026,10:25:35:760,0.000000,0.000000,1,-108.34,-108.34,0,0,
05/14/2026,10:25:36:007,0.000000,0.000000,1,-102.94,-102.94,0,0,
05/14/2026,10:25:36:256,0.000000,0.000000,1,-108.77,-108.77,0,0,
05/14/2026,10:25:36:497,0.000000,0.000000,1,-107.15,-107.15,0,0,
05/14/2026,10:25:36:740,0.000000,0.000000,1,-97.8,-97.8,0,0,
05/14/2026,10:25:36:984,0.000000,0.000000,1,-103.81,-103.81,0,0,
05/14/2026,10:25:37:230,0.000000,0.000000,1,-108.12,-108.12,0,0,
05/14/2026,10:25:37:473,0.000000,0.000000,1,-105.81,-105.81,0,0,
05/14/2026,10:25:37:724,0.000000,0.000000,1,-102.73,-102.73,0,0,
05/14/2026,10:25:38:669,0.000000,0.000000,1,-109.53,-109.53,0,0,
05/14/2026,10:25:38:744,0.000000,0.000000,1,-103.05,-103.05,0,0,
05/14/2026,10:25:38:819,0.000000,0.000000,1,-110.62,-110.62,0,0,
05/14/2026,10:25:38:916,0.000000,0.000000,1,-106.49,-106.49,0,0,
05/14/2026,10:25:38:981,0.000000,0.000000,1,-106.43,-106.43,0,0,
05/14/2026,10:25:39:195,0.000000,0.000000,1,-103.05,-103.05,0,0,
05/14/2026,10:25:39:433,0.000000,0.000000,1,-101.66,-101.66,0,0,
05/14/2026,10:25:39:677,0.000000,0.000000,1,-103.19,-103.19,0,0,
05/14/2026,10:25:39:926,0.000000,0.000000,1,-97.8,-97.8,0,0,
05/14/2026,10:25:40:184,0.000000,0.000000,1,-101,-101,0,0,
05/14/2026,10:25:40:429,0.000000,0.000000,1,-101.23,-101.23,0,0,
05/14/2026,10:25:40:681,0.000000,0.000000,1,-101.71,-101.71,0,0,
05/14/2026,10:25:40:909,0.000000,0.000000,1,-106.91,-106.91,0,0,
05/14/2026,10:25:41:153,0.000000,0.000000,1,-102.73,-102.73,0,0,
05/14/2026,10:25:41:393,0.000000,0.000000,1,-103.95,-103.95,0,0,
05/14/2026,10:25:41:640,0.000000,0.000000,1,-101.5,-101.5,0,0,
05/14/2026,10:25:41:882,0.000000,0.000000,1,-107.06,-107.06,0,0,
05/14/2026,10:25:42:128,0.000000,0.000000,1,-102.56,-102.56,0,0,
05/14/2026,10:25:42:403,0.000000,0.000000,1,-104.35,-104.35,0,0,
05/14/2026,10:25:42:617,0.000000,0.000000,1,-98.1,-98.1,0,0,
05/14/2026,10:25:42:865,0.000000,0.000000,1,-106.52,-106.52,0,0,
05/14/2026,10:25:43:107,0.000000,0.000000,1,-105.89,-105.89,0,0,
05/14/2026,10:25:43:354,0.000000,0.000000,1,-105.59,-105.59,0,0,
05/14/2026,10:25:43:600,0.000000,0.000000,1,-102.05,-102.05,0,0,
05/14/2026,10:25:44:107,0.000000,0.000000,1,-104.15,-104.15,0,0,
05/14/2026,10:25:44:242,0.000000,0.000000,1,-102.41,-102.41,0,0,
05/14/2026,10:25:44:340,0.000000,0.000000,1,-101.75,-101.75,0,0,
05/14/2026,10:25:44:577,0.000000,0.000000,1,-106.79,-106.79,0,0,
05/14/2026,10:25:44:828,0.000000,0.000000,1,-105.28,-105.28,0,0,
05/14/2026,10:25:45:065,0.000000,0.000000,1,-99.31,-99.31,0,0,
05/14/2026,10:25:45:330,0.000000,0.000000,1,-97.1,-97.1,0,0,
05/14/2026,10:25:45:575,0.000000,0.000000,1,-99.37,-99.37,0,0,
05/14/2026,10:25:45:951,0.000000,0.000000,1,-99.25,-99.25,0,0,
05/14/2026,10:25:46:128,0.000000,0.000000,1,-111.37,-111.37,0,0,
05/14/2026,10:25:46:384,0.000000,0.000000,1,-103.34,-103.34,0,0,
05/14/2026,10:25:46:669,0.000000,0.000000,1,-100.21,-100.21,0,0,
05/14/2026,10:25:46:941,0.000000,0.000000,1,-107.31,-107.31,0,0,
05/14/2026,10:25:47:226,0.000000,0.000000,1,-103.68,-103.68,0,0,
05/14/2026,10:25:47:511,0.000000,0.000000,1,-95.74,-95.74,0,0,
05/14/2026,10:25:47:791,0.000000,0.000000,1,-99.94,-99.94,0,0,
05/14/2026,10:25:48:104,0.000000,0.000000,1,-104.01,-104.01,0,0,
05/14/2026,10:25:48:343,0.000000,0.000000,1,-105.88,-105.88,0,0,
05/14/2026,10:25:48:606,0.000000,0.000000,1,-100.22,-100.22,0,0,
05/14/2026,10:25:48:891,0.000000,0.000000,1,-105.61,-105.61,0,0,
05/14/2026,10:25:49:363,0.000000,0.000000,1,-103.07,-103.07,0,0,
05/14/2026,10:25:49:539,0.000000,0.000000,1,-100.91,-100.91,0,0,
05/14/2026,10:25:49:735,0.000000,0.000000,1,-101.52,-101.52,0,0,
05/14/2026,10:25:50:014,0.000000,0.000000,1,-108.29,-108.29,0,0,
05/14/2026,10:25:50:285,0.000000,0.000000,1,-109.39,-109.39,0,0,
05/14/2026,10:25:50:550,0.000000,0.000000,1,-100.53,-100.53,0,0,
05/14/2026,10:25:50:795,0.000000,0.000000,1,-97.71,-97.71,0,0,
05/14/2026,10:25:51:039,0.000000,0.000000,1,-98.33,-98.33,0,0,
05/14/2026,10:25:51:286,0.000000,0.000000,1,-103.63,-103.63,0,0,
05/14/2026,10:25:51:580,0.000000,0.000000,1,-104.88,-104.88,0,0,
05/14/2026,10:25:51:824,0.000000,0.000000,1,-99.38,-99.38,0,0,
05/14/2026,10:25:52:021,0.000000,0.000000,1,-104.71,-104.71,0,0,
05/14/2026,10:25:52:264,0.000000,0.000000,1,-108.31,-108.31,0,0,
05/14/2026,10:25:52:523,0.000000,0.000000,1,-100.69,-100.69,0,0,
05/14/2026,10:25:52:777,0.000000,0.000000,1,-103.7,-103.7,0,0,
05/14/2026,10:25:53:048,0.000000,0.000000,1,-109.31,-109.31,0,0,
05/14/2026,10:25:53:305,0.000000,0.000000,1,-105.6,-105.6,0,0,
05/14/2026,10:25:53:592,0.000000,0.000000,1,-104.95,-104.95,0,0,
05/14/2026,10:25:53:839,0.000000,0.000000,1,-98.4,-98.4,0,0,
05/14/2026,10:25:54:082,0.000000,0.000000,1,-102.25,-102.25,0,0,
05/14/2026,10:25:54:538,0.000000,0.000000,1,-101.91,-101.91,0,0,
05/14/2026,10:25:54:606,0.000000,0.000000,1,-98.8,-98.8,0,0,
05/14/2026,10:25:54:861,0.000000,0.000000,1,-99.31,-99.31,0,0,
05/14/2026,10:25:55:162,0.000000,0.000000,1,-99.48,-99.48,0,0,
05/14/2026,10:25:55:419,0.000000,0.000000,1,-97.17,-97.17,0,0,
05/14/2026,10:25:55:701,0.000000,0.000000,1,-101.8,-101.8,0,0,
05/14/2026,10:25:55:989,0.000000,0.000000,1,-102.73,-102.73,0,0,
05/14/2026,10:25:56:263,0.000000,0.000000,1,-103.89,-103.89,0,0,
05/14/2026,10:25:56:530,0.000000,0.000000,1,-103.18,-103.18,0,0,
05/14/2026,10:25:56:771,0.000000,0.000000,1,-102.07,-102.07,0,0,
05/14/2026,10:25:57:030,0.000000,0.000000,1,-102.37,-102.37,0,0,
05/14/2026,10:25:57:302,0.000000,0.000000,1,-104.09,-104.09,0,0,
05/14/2026,10:25:57:548,0.000000,0.000000,1,-103.12,-103.12,0,0,
05/14/2026,10:25:57:793,0.000000,0.000000,1,-103.96,-103.96,0,0,
05/14/2026,10:25:58:036,0.000000,0.000000,1,-99.83,-99.83,0,0,
05/14/2026,10:25:58:283,0.000000,0.000000,1,-100.16,-100.16,0,0,
05/14/2026,10:25:58:525,0.000000,0.000000,1,-105.15,-105.15,0,0,
05/14/2026,10:25:58:769,0.000000,0.000000,1,-102.85,-102.85,0,0,
05/14/2026,10:25:59:047,0.000000,0.000000,1,-103.51,-103.51,0,0,
05/14/2026,10:25:59:269,0.000000,0.000000,1,-103.82,-103.82,0,0,
05/14/2026,10:25:59:774,0.000000,0.000000,1,-102.05,-102.05,0,0,
05/14/2026,10:25:59:835,0.000000,0.000000,1,-106.7,-106.7,0,0,
05/14/2026,10:26:00:017,0.000000,0.000000,1,-102.5,-102.5,0,0,
05/14/2026,10:26:00:259,0.000000,0.000000,1,-104.05,-104.05,0,0,
05/14/2026,10:26:00:504,0.000000,0.000000,1,-100.38,-100.38,0,0,
05/14/2026,10:26:00:768,0.000000,0.000000,1,-100.66,-100.66,0,0,
05/14/2026,10:26:00:995,0.000000,0.000000,1,-100.55,-100.55,0,0,
05/14/2026,10:26:01:239,0.000000,0.000000,1,-101.71,-101.71,0,0,
05/14/2026,10:26:01:496,0.000000,0.000000,1,-102.6,-102.6,0,0,
05/14/2026,10:26:01:761,0.000000,0.000000,1,-95.85,-95.85,0,0,
05/14/2026,10:26:02:006,0.000000,0.000000,1,-98.19,-98.19,0,0,
05/14/2026,10:26:02:260,0.000000,0.000000,1,-99.5,-99.5,0,0,
05/14/2026,10:26:02:521,0.000000,0.000000,1,-100.7,-100.7,0,0,
05/14/2026,10:26:02:789,0.000000,0.000000,1,-102.32,-102.32,0,0,
05/14/2026,10:26:03:014,0.000000,0.000000,1,-97.48,-97.48,0,0,
05/14/2026,10:26:03:258,0.000000,0.000000,1,-100.23,-100.23,0,0,
05/14/2026,10:26:03:504,0.000000,0.000000,1,-98.5,-98.5,0,0,
05/14/2026,10:26:03:763,0.000000,0.000000,1,-103.54,-103.54,0,0,
05/14/2026,10:26:04:003,0.000000,0.000000,1,-97.62,-97.62,0,0,
05/14/2026,10:26:04:250,0.000000,0.000000,1,-104.17,-104.17,0,0,
05/14/2026,10:26:04:524,0.000000,0.000000,1,-102.3,-102.3,0,0,
05/14/2026,10:26:04:767,0.000000,0.000000,1,-99.01,-99.01,0,0,
05/14/2026,10:26:05:583,0.000000,0.000000,1,-103.69,-103.69,0,0,
05/14/2026,10:26:05:669,0.000000,0.000000,1,-103.89,-103.89,0,0,
05/14/2026,10:26:05:752,0.000000,0.000000,1,-104.45,-104.45,0,0,
05/14/2026,10:26:05:856,0.000000,0.000000,1,-100.58,-100.58,0,0,
05/14/2026,10:26:05:971,0.000000,0.000000,1,-104,-104,0,0,
05/14/2026,10:26:06:215,0.000000,0.000000,1,-104.44,-104.44,0,0,
05/14/2026,10:26:06:471,0.000000,0.000000,1,-101.42,-101.42,0,0,
05/14/2026,10:26:06:713,0.000000,0.000000,1,-101.03,-101.03,0,0,
05/14/2026,10:26:06:951,0.000000,0.000000,1,-99.88,-99.88,0,0,
05/14/2026,10:26:07:206,0.000000,0.000000,1,-100.27,-100.27,0,0,
05/14/2026,10:26:07:455,0.000000,0.000000,1,-105.35,-105.35,0,0,
05/14/2026,10:26:07:709,0.000000,0.000000,1,-100.14,-100.14,0,0,
05/14/2026,10:26:07:952,0.000000,0.000000,1,-108.72,-108.72,0,0,
05/14/2026,10:26:08:211,0.000000,0.000000,1,-102.39,-102.39,0,0,
05/14/2026,10:26:08:527,0.000000,0.000000,1,-100.53,-100.53,0,0,
05/14/2026,10:26:08:717,0.000000,0.000000,1,-104.54,-104.54,0,0,
05/14/2026,10:26:08:962,0.000000,0.000000,1,-103.91,-103.91,0,0,
05/14/2026,10:26:09:218,0.000000,0.000000,1,-104.83,-104.83,0,0,
05/14/2026,10:26:09:464,0.000000,0.000000,1,-105.66,-105.66,0,0,
05/14/2026,10:26:09:706,0.000000,0.000000,1,-99.62,-99.62,0,0,
05/14/2026,10:26:09:974,0.000000,0.000000,1,-103.69,-103.69,0,0,
05/14/2026,10:26:10:195,0.000000,0.000000,1,-102.66,-102.66,0,0,
05/14/2026,10:26:10:441,0.000000,0.000000,1,-102.03,-102.03,0,0,
05/14/2026,10:26:10:854,0.000000,0.000000,1,-108.56,-108.56,0,0,
05/14/2026,10:26:10:928,0.000000,0.000000,1,-105.86,-105.86,0,0,
05/14/2026,10:26:11:177,0.000000,0.000000,1,-102.16,-102.16,0,0,
05/14/2026,10:26:11:425,0.000000,0.000000,1,-102.75,-102.75,0,0,
05/14/2026,10:26:11:664,0.000000,0.000000,1,-116.4,-116.4,0,0,
05/14/2026,10:26:11:992,0.000000,0.000000,1,-108.71,-108.71,0,0,
05/14/2026,10:26:12:178,0.000000,0.000000,1,-108.17,-108.17,0,0,
05/14/2026,10:26:12:400,0.000000,0.000000,1,-107.28,-107.28,0,0,
05/14/2026,10:26:12:644,0.000000,0.000000,1,-102.07,-102.07,0,0,
05/14/2026,10:26:12:890,0.000000,0.000000,1,-105.86,-105.86,0,0,
05/14/2026,10:26:13:140,0.000000,0.000000,1,-111.6,-111.6,0,0,
05/14/2026,10:26:13:376,0.000000,0.000000,1,-107.81,-107.81,0,0,
05/14/2026,10:26:13:677,0.000000,0.000000,1,-112.35,-112.35,0,0,
05/14/2026,10:26:13:873,0.000000,0.000000,1,-107.39,-107.39,0,0,
05/14/2026,10:26:14:114,0.000000,0.000000,1,-101.39,-101.39,0,0,
05/14/2026,10:26:14:356,0.000000,0.000000,1,-108.85,-108.85,0,0,
05/14/2026,10:26:14:599,0.000000,0.000000,1,-108.65,-108.65,0,0,
05/14/2026,10:26:14:846,0.000000,0.000000,1,-104.28,-104.28,0,0,
05/14/2026,10:26:15:090,0.000000,0.000000,1,-104.91,-104.91,0,0,
05/14/2026,10:26:15:337,0.000000,0.000000,1,-107.16,-107.16,0,0,
05/14/2026,10:26:15:582,0.000000,0.000000,1,-106.67,-106.67,0,0,
05/14/2026,10:26:15:852,0.000000,0.000000,1,-104.19,-104.19,0,0,
05/14/2026,10:26:16:150,0.000000,0.000000,1,-104.87,-104.87,0,0,
05/14/2026,10:26:16:324,0.000000,0.000000,1,-105.17,-105.17,0,0,
05/14/2026,10:26:16:560,0.000000,0.000000,1,-107.61,-107.61,0,0,
05/14/2026,10:26:16:805,0.000000,0.000000,1,-109.59,-109.59,0,0,
05/14/2026,10:26:17:051,0.000000,0.000000,1,-106.31,-106.31,0,0,
05/14/2026,10:26:17:305,0.000000,0.000000,1,-108.34,-108.34,0,0,
05/14/2026,10:26:17:589,0.000000,0.000000,1,-106.58,-106.58,0,0,
05/14/2026,10:26:17:785,0.000000,0.000000,1,-109.83,-109.83,0,0,
05/14/2026,10:26:18:030,0.000000,0.000000,1,-110.69,-110.69,0,0,
05/14/2026,10:26:18:276,0.000000,0.000000,1,-109.79,-109.79,0,0,
05/14/2026,10:26:18:523,0.000000,0.000000,1,-113.12,-113.12,0,0,
05/14/2026,10:26:18:763,0.000000,0.000000,1,-112.88,-112.88,0,0,
05/14/2026,10:26:19:012,0.000000,0.000000,1,-103.28,-103.28,0,0,
05/14/2026,10:26:19:253,0.000000,0.000000,1,-110.59,-110.59,0,0,
05/14/2026,10:26:19:513,0.000000,0.000000,1,-111.46,-111.46,0,0,
05/14/2026,10:26:19:744,0.000000,0.000000,1,-114.9,-114.9,0,0,
05/14/2026,10:26:19:990,0.000000,0.000000,1,-114.18,-114.18,0,0,
05/14/2026,10:26:20:235,0.000000,0.000000,1,-112.67,-112.67,0,0,
05/14/2026,10:26:20:479,0.000000,0.000000,1,-112.12,-112.12,0,0,
05/14/2026,10:26:20:723,0.000000,0.000000,1,-114.45,-114.45,0,0,
05/14/2026,10:26:20:967,0.000000,0.000000,1,-112.2,-112.2,0,0,
05/14/2026,10:26:21:419,0.000000,0.000000,1,-108.33,-108.33,0,0,
05/14/2026,10:26:21:521,0.000000,0.000000,1,-112.73,-112.73,0,0,
05/14/2026,10:26:21:702,0.000000,0.000000,1,-109.69,-109.69,0,0,
05/14/2026,10:26:21:947,0.000000,0.000000,1,-109.9,-109.9,0,0,
05/14/2026,10:26:22:191,0.000000,0.000000,1,-112.11,-112.11,0,0,
05/14/2026,10:26:22:437,0.000000,0.000000,1,-107.11,-107.11,0,0,
05/14/2026,10:26:22:682,0.000000,0.000000,1,-113.06,-113.06,0,0,
05/14/2026,10:26:22:960,0.000000,0.000000,1,-112.89,-112.89,0,0,
05/14/2026,10:26:23:196,0.000000,0.000000,1,-115.78,-115.78,0,0,
05/14/2026,10:26:23:416,0.000000,0.000000,1,-112.6,-112.6,0,0,
05/14/2026,10:26:23:661,0.000000,0.000000,1,-114.31,-114.31,0,0,
05/14/2026,10:26:23:907,0.000000,0.000000,1,-111.68,-111.68,0,0,
05/14/2026,10:26:24:151,0.000000,0.000000,1,-113.94,-113.94,0,0,
05/14/2026,10:26:24:394,0.000000,0.000000,1,-115.42,-115.42,0,0,
05/14/2026,10:26:24:639,0.000000,0.000000,1,-114.85,-114.85,0,0,
05/14/2026,10:26:24:885,0.000000,0.000000,1,-111.11,-111.11,0,0,
05/14/2026,10:26:25:136,0.000000,0.000000,1,-111.5,-111.5,0,0,
05/14/2026,10:26:25:374,0.000000,0.000000,1,-112.97,-112.97,0,0,
05/14/2026,10:26:25:623,0.000000,0.000000,1,-112.73,-112.73,0,0,
05/14/2026,10:26:25:870,0.000000,0.000000,1,-114,-114,0,0,
05/14/2026,10:26:26:109,0.000000,0.000000,1,-111.88,-111.88,0,0,
05/14/2026,10:26:26:354,0.000000,0.000000,1,-113.31,-113.31,0,0,
05/14/2026,10:26:26:706,0.000000,0.000000,1,-114.1,-114.1,0,0,
05/14/2026,10:26:26:842,0.000000,0.000000,1,-108.25,-108.25,0,0,
05/14/2026,10:26:27:089,0.000000,0.000000,1,-109.35,-109.35,0,0,
05/14/2026,10:26:27:337,0.000000,0.000000,1,-113.25,-113.25,0,0,
05/14/2026,10:26:27:582,0.000000,0.000000,1,-111.8,-111.8,0,0,
05/14/2026,10:26:27:821,0.000000,0.000000,1,-117.71,-117.71,0,0,
05/14/2026,10:26:28:068,0.000000,0.000000,1,-111.33,-111.33,0,0,
05/14/2026,10:26:28:312,0.000000,0.000000,1,-112.99,-112.99,0,0,
05/14/2026,10:26:28:556,0.000000,0.000000,1,-111.44,-111.44,0,0,
05/14/2026,10:26:28:816,0.000000,0.000000,1,-110.54,-110.54,0,0,
05/14/2026,10:26:29:051,0.000000,0.000000,1,-98.75,-98.75,0,0,
05/14/2026,10:26:29:297,0.000000,0.000000,1,-110.48,-110.48,0,0,
05/14/2026,10:26:29:540,0.000000,0.000000,1,-105.53,-105.53,0,0,
05/14/2026,10:26:29:782,0.000000,0.000000,1,-110,-110,0,0,
05/14/2026,10:26:30:029,0.000000,0.000000,1,-106.57,-106.57,0,0,
05/14/2026,10:26:30:282,0.000000,0.000000,1,-112.91,-112.91,0,0,
05/14/2026,10:26:30:544,0.000000,0.000000,1,-114.81,-114.81,0,0,
05/14/2026,10:26:30:764,0.000000,0.000000,1,-111.97,-111.97,0,0,
05/14/2026,10:26:31:007,0.000000,0.000000,1,-114.61,-114.61,0,0,
05/14/2026,10:26:31:252,0.000000,0.000000,1,-109.75,-109.75,0,0,
05/14/2026,10:26:31:496,0.000000,0.000000,1,-110.07,-110.07,0,0,
05/14/2026,10:26:31:959,0.000000,0.000000,1,-111.06,-111.06,0,0,
05/14/2026,10:26:32:018,0.000000,0.000000,1,-105.93,-105.93,0,0,
05/14/2026,10:26:32:279,0.000000,0.000000,1,-116.67,-116.67,0,0,
05/14/2026,10:26:32:485,0.000000,0.000000,1,-114.93,-114.93,0,0,
05/14/2026,10:26:32:720,0.000000,0.000000,1,-112.71,-112.71,0,0,
05/14/2026,10:26:32:965,0.000000,0.000000,1,-110.64,-110.64,0,0,
05/14/2026,10:26:33:212,0.000000,0.000000,1,-109.27,-109.27,0,0,
05/14/2026,10:26:33:457,0.000000,0.000000,1,-113.22,-113.22,0,0,
05/14/2026,10:26:33:705,0.000000,0.000000,1,-102.31,-102.31,0,0,
05/14/2026,10:26:33:953,0.000000,0.000000,1,-112.87,-112.87,0,0,
05/14/2026,10:26:34:189,0.000000,0.000000,1,-104.65,-104.65,0,0,
05/14/2026,10:26:34:464,0.000000,0.000000,1,-104.14,-104.14,0,0,
05/14/2026,10:26:34:682,0.000000,0.000000,1,-111.6,-111.6,0,0,
05/14/2026,10:26:34:922,0.000000,0.000000,1,-113.41,-113.41,0,0,
05/14/2026,10:26:35:168,0.000000,0.000000,1,-107.92,-107.92,0,0,
05/14/2026,10:26:35:412,0.000000,0.000000,1,-107.83,-107.83,0,0,
05/14/2026,10:26:35:659,0.000000,0.000000,1,-101.79,-101.79,0,0,
05/14/2026,10:26:35:905,0.000000,0.000000,1,-110.81,-110.81,0,0,
05/14/2026,10:26:36:150,0.000000,0.000000,1,-113.76,-113.76,0,0,
05/14/2026,10:26:36:394,0.000000,0.000000,1,-105.62,-105.62,0,0,
05/14/2026,10:26:36:638,0.000000,0.000000,1,-105.49,-105.49,0,0,
05/14/2026,10:26:36:883,0.000000,0.000000,1,-114.47,-114.47,0,0,
05/14/2026,10:26:37:253,0.000000,0.000000,1,-106.2,-106.2,0,0,
05/14/2026,10:26:37:375,0.000000,0.000000,1,-103.89,-103.89,0,0,
05/14/2026,10:26:37:620,0.000000,0.000000,1,-115.24,-115.24,0,0,
05/14/2026,10:26:37:864,0.000000,0.000000,1,-111.15,-111.15,0,0,
05/14/2026,10:26:38:132,0.000000,0.000000,1,-108.82,-108.82,0,0,
05/14/2026,10:26:38:355,0.000000,0.000000,1,-101.38,-101.38,0,0,
05/14/2026,10:26:38:597,0.000000,0.000000,1,-108.12,-108.12,0,0,
05/14/2026,10:26:38:850,0.000000,0.000000,1,-106.45,-106.45,0,0,
05/14/2026,10:26:39:122,0.000000,0.000000,1,-104.62,-104.62,0,0,
05/14/2026,10:26:39:345,0.000000,0.000000,1,-106.52,-106.52,0,0,
05/14/2026,10:26:39:584,0.000000,0.000000,1,-105.37,-105.37,0,0,
05/14/2026,10:26:39:866,0.000000,0.000000,1,-111.09,-111.09,0,0,
05/14/2026,10:26:40:080,0.000000,0.000000,1,-104.4,-104.4,0,0,
05/14/2026,10:26:40:310,0.000000,0.000000,1,-106.26,-106.26,0,0,
05/14/2026,10:26:40:556,0.000000,0.000000,1,-100.04,-100.04,0,0,
05/14/2026,10:26:40:799,0.000000,0.000000,1,-108.87,-108.87,0,0,
05/14/2026,10:26:41:044,0.000000,0.000000,1,-106.95,-106.95,0,0,
05/14/2026,10:26:41:290,0.000000,0.000000,1,-101.72,-101.72,0,0,
05/14/2026,10:26:41:533,0.000000,0.000000,1,-103.49,-103.49,0,0,
05/14/2026,10:26:41:779,0.000000,0.000000,1,-111.37,-111.37,0,0,
05/14/2026,10:26:42:040,0.000000,0.000000,1,-113.17,-113.17,0,0,
05/14/2026,10:26:42:517,0.000000,0.000000,1,-113.67,-113.67,0,0,
05/14/2026,10:26:42:570,0.000000,0.000000,1,-106.46,-106.46,0,0,
05/14/2026,10:26:42:758,0.000000,0.000000,1,-107.76,-107.76,0,0,
05/14/2026,10:26:43:002,0.000000,0.000000,1,-107.1,-107.1,0,0,
05/14/2026,10:26:43:255,0.000000,0.000000,1,-108.11,-108.11,0,0,
05/14/2026,10:26:43:496,0.000000,0.000000,1,-109.7,-109.7,0,0,
05/14/2026,10:26:43:736,0.000000,0.000000,1,-106.18,-106.18,0,0,
05/14/2026,10:26:43:985,0.000000,0.000000,1,-109.48,-109.48,0,0,
05/14/2026,10:26:44:229,0.000000,0.000000,1,-100.62,-100.62,0,0,
05/14/2026,10:26:44:471,0.000000,0.000000,1,-108.31,-108.31,0,0,
05/14/2026,10:26:44:717,0.000000,0.000000,1,-107.13,-107.13,0,0,
05/14/2026,10:26:44:962,0.000000,0.000000,1,-105.47,-105.47,0,0,
05/14/2026,10:26:45:208,0.000000,0.000000,1,-106.22,-106.22,0,0,
05/14/2026,10:26:45:468,0.000000,0.000000,1,-110.5,-110.5,0,0,
05/14/2026,10:26:45:696,0.000000,0.000000,1,-107.56,-107.56,0,0,
05/14/2026,10:26:45:940,0.000000,0.000000,1,-104.64,-104.64,0,0,
05/14/2026,10:26:46:188,0.000000,0.000000,1,-115.35,-115.35,0,0,
05/14/2026,10:26:46:434,0.000000,0.000000,1,-108.83,-108.83,0,0,
05/14/2026,10:26:46:674,0.000000,0.000000,1,-105.41,-105.41,0,0,
05/14/2026,10:26:46:922,0.000000,0.000000,1,-105.27,-105.27,0,0,
05/14/2026,10:26:47:166,0.000000,0.000000,1,-115.59,-115.59,0,0,
05/14/2026,10:26:47:446,0.000000,0.000000,1,-108.03,-108.03,0,0,
05/14/2026,10:26:47:808,0.000000,0.000000,1,-116.94,-116.94,0,0,
05/14/2026,10:26:47:901,0.000000,0.000000,1,-113.33,-113.33,0,0,
05/14/2026,10:26:48:144,0.000000,0.000000,1,-111.54,-111.54,0,0,
05/14/2026,10:26:48:389,0.000000,0.000000,1,-115.39,-115.39,0,0,
05/14/2026,10:26:48:633,0.000000,0.000000,1,-110.46,-110.46,0,0,
05/14/2026,10:26:48:880,0.000000,0.000000,1,-110.94,-110.94,0,0,
05/14/2026,10:26:49:126,0.000000,0.000000,1,-111.21,-111.21,0,0,
05/14/2026,10:26:49:403,0.000000,0.000000,1,-111.05,-111.05,0,0,
05/14/2026,10:26:49:612,0.000000,0.000000,1,-107.38,-107.38,0,0,
05/14/2026,10:26:49:867,0.000000,0.000000,1,-113.23,-113.23,0,0,
05/14/2026,10:26:50:104,0.000000,0.000000,1,-108.6,-108.6,0,0,
05/14/2026,10:26:50:348,0.000000,0.000000,1,-112.98,-112.98,0,0,
05/14/2026,10:26:50:592,0.000000,0.000000,1,-108.47,-108.47,0,0,
05/14/2026,10:26:50:839,0.000000,0.000000,1,-111.91,-111.91,0,0,
05/14/2026,10:26:51:110,0.000000,0.000000,1,-108.73,-108.73,0,0,
05/14/2026,10:26:51:327,0.000000,0.000000,1,-104.25,-104.25,0,0,
05/14/2026,10:26:51:573,0.000000,0.000000,1,-108.19,-108.19,0,0,
05/14/2026,10:26:51:816,0.000000,0.000000,1,-107.77,-107.77,0,0,
05/14/2026,10:26:52:061,0.000000,0.000000,1,-109.33,-109.33,0,0,
05/14/2026,10:26:52:307,0.000000,0.000000,1,-105.67,-105.67,0,0,
05/14/2026,10:26:52:550,0.000000,0.000000,1,-108.31,-108.31,0,0,
05/14/2026,10:26:52:833,0.000000,0.000000,1,-114.54,-114.54,0,0,
05/14/2026,10:26:53:116,0.000000,0.000000,1,-110.41,-110.41,0,0,
05/14/2026,10:26:53:285,0.000000,0.000000,1,-107.66,-107.66,0,0,
05/14/2026,10:26:53:531,0.000000,0.000000,1,-111.64,-111.64,0,0,
05/14/2026,10:26:53:779,0.000000,0.000000,1,-107.16,-107.16,0,0,
05/14/2026,10:26:54:026,0.000000,0.000000,1,-105.99,-105.99,0,0,
05/14/2026,10:26:54:266,0.000000,0.000000,1,-106.32,-106.32,0,0,
05/14/2026,10:26:54:510,0.000000,0.000000,1,-114.3,-114.3,0,0,
05/14/2026,10:26:54:781,0.000000,0.000000,1,-106.3,-106.3,0,0,
05/14/2026,10:26:55:004,0.000000,0.000000,1,-103.07,-103.07,0,0,
05/14/2026,10:26:55:245,0.000000,0.000000,1,-104.52,-104.52,0,0,
05/14/2026,10:26:55:489,0.000000,0.000000,1,-106.31,-106.31,0,0,
05/14/2026,10:26:55:736,0.000000,0.000000,1,-103.48,-103.48,0,0,
05/14/2026,10:26:55:979,0.000000,0.000000,1,-110.99,-110.99,0,0,
05/14/2026,10:26:56:224,0.000000,0.000000,1,-105.5,-105.5,0,0,
05/14/2026,10:26:56:470,0.000000,0.000000,1,-108.07,-108.07,0,0,
05/14/2026,10:26:56:722,0.000000,0.000000,1,-103.96,-103.96,0,0,
05/14/2026,10:26:56:983,0.000000,0.000000,1,-116,-116,0,0,
05/14/2026,10:26:57:206,0.000000,0.000000,1,-109.1,-109.1,0,0,
05/14/2026,10:26:57:447,0.000000,0.000000,1,-113.09,-113.09,0,0,
05/14/2026,10:26:57:693,0.000000,0.000000,1,-108.36,-108.36,0,0,
05/14/2026,10:26:57:939,0.000000,0.000000,1,-109.43,-109.43,0,0,
05/14/2026,10:26:58:360,0.000000,0.000000,1,-105.1,-105.1,0,0,
05/14/2026,10:26:58:443,0.000000,0.000000,1,-114.44,-114.44,0,0,
05/14/2026,10:26:58:719,0.000000,0.000000,1,-108.38,-108.38,0,0,
05/14/2026,10:26:58:918,0.000000,0.000000,1,-101.31,-101.31,0,0,
05/14/2026,10:26:59:165,0.000000,0.000000,1,-103.49,-103.49,0,0,
05/14/2026,10:26:59:411,0.000000,0.000000,1,-101.04,-101.04,0,0,
05/14/2026,10:26:59:652,0.000000,0.000000,1,-103.97,-103.97,0,0,
05/14/2026,10:26:59:900,0.000000,0.000000,1,-103.8,-103.8,0,0,
05/14/2026,10:27:00:192,0.000000,0.000000,1,-108.7,-108.7,0,0,
05/14/2026,10:27:00:409,0.000000,0.000000,1,-107.65,-107.65,0,0,
05/14/2026,10:27:00:631,0.000000,0.000000,1,-117.57,-117.57,0,0,
05/14/2026,10:27:00:876,0.000000,0.000000,1,-107.92,-107.92,0,0,
05/14/2026,10:27:01:124,0.000000,0.000000,1,-110.15,-110.15,0,0,
05/14/2026,10:27:01:367,0.000000,0.000000,1,-101.69,-101.69,0,0,
05/14/2026,10:27:01:612,0.000000,0.000000,1,-106.27,-106.27,0,0,
05/14/2026,10:27:01:857,0.000000,0.000000,1,-104.14,-104.14,0,0,
05/14/2026,10:27:02:108,0.000000,0.000000,1,-110.4,-110.4,0,0,
05/14/2026,10:27:02:402,0.000000,0.000000,1,-113.5,-113.5,0,0,
05/14/2026,10:27:02:588,0.000000,0.000000,1,-112.54,-112.54,0,0,
05/14/2026,10:27:02:834,0.000000,0.000000,1,-105.27,-105.27,0,0,
05/14/2026,10:27:03:079,0.000000,0.000000,1,-104.11,-104.11,0,0,
05/14/2026,10:27:03:325,0.000000,0.000000,1,-100.98,-100.98,0,0,
05/14/2026,10:27:03:663,0.000000,0.000000,1,-112.37,-112.37,0,0,
05/14/2026,10:27:03:843,0.000000,0.000000,1,-105.76,-105.76,0,0,
05/14/2026,10:27:04:060,0.000000,0.000000,1,-104.37,-104.37,0,0,
05/14/2026,10:27:04:302,0.000000,0.000000,1,-107.99,-107.99,0,0,
05/14/2026,10:27:04:548,0.000000,0.000000,1,-105.43,-105.43,0,0,
05/14/2026,10:27:04:793,0.000000,0.000000,1,-102.45,-102.45,0,0,
05/14/2026,10:27:05:038,0.000000,0.000000,1,-107.89,-107.89,0,0,
05/14/2026,10:27:05:284,0.000000,0.000000,1,-102.07,-102.07,0,0,
05/14/2026,10:27:05:528,0.000000,0.000000,1,-102.41,-102.41,0,0,
05/14/2026,10:27:05:772,0.000000,0.000000,1,-106.92,-106.92,0,0,
05/14/2026,10:27:06:045,0.000000,0.000000,1,-106.77,-106.77,0,0,
05/14/2026,10:27:06:262,0.000000,0.000000,1,-113.02,-113.02,0,0,
05/14/2026,10:27:06:505,0.000000,0.000000,1,-108.97,-108.97,0,0,
05/14/2026,10:27:06:754,0.000000,0.000000,1,-105.33,-105.33,0,0,
05/14/2026,10:27:06:996,0.000000,0.000000,1,-117.99,-117.99,0,0,
05/14/2026,10:27:07:242,0.000000,0.000000,1,-107.94,-107.94,0,0,
05/14/2026,10:27:07:486,0.000000,0.000000,1,-114.87,-114.87,0,0,
05/14/2026,10:27:07:756,0.000000,0.000000,1,-100.14,-100.14,0,0,
05/14/2026,10:27:07:979,0.000000,0.000000,1,-106.69,-106.69,0,0,
05/14/2026,10:27:08:222,0.000000,0.000000,1,-107.79,-107.79,0,0,
05/14/2026,10:27:08:472,0.000000,0.000000,1,-105.18,-105.18,0,0,
05/14/2026,10:27:08:924,0.000000,0.000000,1,-104.81,-104.81,0,0,
05/14/2026,10:27:08:978,0.000000,0.000000,1,-109.22,-109.22,0,0,
05/14/2026,10:27:09:202,0.000000,0.000000,1,-109.33,-109.33,0,0,
05/14/2026,10:27:09:445,0.000000,0.000000,1,-105.95,-105.95,0,0,
05/14/2026,10:27:09:749,0.000000,0.000000,1,-115.94,-115.94,0,0,
05/14/2026,10:27:09:967,0.000000,0.000000,1,-106.56,-106.56,0,0,
05/14/2026,10:27:10:182,0.000000,0.000000,1,-117.26,-117.26,0,0,
05/14/2026,10:27:10:428,0.000000,0.000000,1,-112.09,-112.09,0,0,
05/14/2026,10:27:10:671,0.000000,0.000000,1,-105.75,-105.75,0,0,
05/14/2026,10:27:10:921,0.000000,0.000000,1,-107.37,-107.37,0,0,
05/14/2026,10:27:11:160,0.000000,0.000000,1,-111.26,-111.26,0,0,
05/14/2026,10:27:11:404,0.000000,0.000000,1,-114.33,-114.33,0,0,
05/14/2026,10:27:11:660,0.000000,0.000000,1,-107.55,-107.55,0,0,
05/14/2026,10:27:11:899,0.000000,0.000000,1,-115.56,-115.56,0,0,
05/14/2026,10:27:12:140,0.000000,0.000000,1,-113.19,-113.19,0,0,
05/14/2026,10:27:12:385,0.000000,0.000000,1,-112.86,-112.86,0,0,
05/14/2026,10:27:12:629,0.000000,0.000000,1,-116.2,-116.2,0,0,
05/14/2026,10:27:12:876,0.000000,0.000000,1,-117.54,-117.54,0,0,
05/14/2026,10:27:13:124,0.000000,0.000000,1,-111.92,-111.92,0,0,
05/14/2026,10:27:13:380,0.000000,0.000000,1,-113.43,-113.43,0,0,
05/14/2026,10:27:13:642,0.000000,0.000000,1,-108.05,-108.05,0,0,
05/14/2026,10:27:13:853,0.000000,0.000000,1,-116.22,-116.22,0,0,
05/14/2026,10:27:14:235,0.000000,0.000000,1,-109.31,-109.31,0,0,
05/14/2026,10:27:14:345,0.000000,0.000000,1,-112.98,-112.98,0,0,
05/14/2026,10:27:14:586,0.000000,0.000000,1,-103.92,-103.92,0,0,
05/14/2026,10:27:14:831,0.000000,0.000000,1,-107.87,-107.87,0,0,
05/14/2026,10:27:15:095,0.000000,0.000000,1,-109.86,-109.86,0,0,
05/14/2026,10:27:15:333,0.000000,0.000000,1,-105.45,-105.45,0,0,
05/14/2026,10:27:15:577,0.000000,0.000000,1,-109.97,-109.97,0,0,
05/14/2026,10:27:15:815,0.000000,0.000000,1,-110.94,-110.94,0,0,
05/14/2026,10:27:16:064,0.000000,0.000000,1,-101.75,-101.75,0,0,
05/14/2026,10:27:16:307,0.000000,0.000000,1,-111.3,-111.3,0,0,
05/14/2026,10:27:16:545,0.000000,0.000000,1,-106.77,-106.77,0,0,
05/14/2026,10:27:16:791,0.000000,0.000000,1,-115.1,-115.1,0,0,
05/14/2026,10:27:17:035,0.000000,0.000000,1,-118.47,-118.47,0,0,
05/14/2026,10:27:17:312,0.000000,0.000000,1,-107.1,-107.1,0,0,
05/14/2026,10:27:17:550,0.000000,0.000000,1,-111.79,-111.79,0,0,
05/14/2026,10:27:17:773,0.000000,0.000000,1,-107.14,-107.14,0,0,
05/14/2026,10:27:18:017,0.000000,0.000000,1,-105.53,-105.53,0,0,
05/14/2026,10:27:18:261,0.000000,0.000000,1,-113.03,-113.03,0,0,
05/14/2026,10:27:18:505,0.000000,0.000000,1,-115.66,-115.66,0,0,
05/14/2026,10:27:18:754,0.000000,0.000000,1,-109.18,-109.18,0,0,
05/14/2026,10:27:19:029,0.000000,0.000000,1,-120.04,-120.04,0,0,
05/14/2026,10:27:19:458,0.000000,0.000000,1,-108.22,-108.22,0,0,
05/14/2026,10:27:19:523,0.000000,0.000000,1,-107.25,-107.25,0,0,
05/14/2026,10:27:19:729,0.000000,0.000000,1,-113.66,-113.66,0,0,
05/14/2026,10:27:19:974,0.000000,0.000000,1,-107.26,-107.26,0,0,
05/14/2026,10:27:20:220,0.000000,0.000000,1,-117.34,-117.34,0,0,
05/14/2026,10:27:20:465,0.000000,0.000000,1,-114.51,-114.51,0,0,
05/14/2026,10:27:20:711,0.000000,0.000000,1,-107.02,-107.02,0,0,
05/14/2026,10:27:20:959,0.000000,0.000000,1,-104.51,-104.51,0,0,
05/14/2026,10:27:21:219,0.000000,0.000000,1,-101.25,-101.25,0,0,
05/14/2026,10:27:21:444,0.000000,0.000000,1,-107.06,-107.06,0,0,
05/14/2026,10:27:21:692,0.000000,0.000000,1,-115.87,-115.87,0,0,
05/14/2026,10:27:21:932,0.000000,0.000000,1,-108.65,-108.65,0,0,
05/14/2026,10:27:22:178,0.000000,0.000000,1,-116.16,-116.16,0,0,
05/14/2026,10:27:22:424,0.000000,0.000000,1,-114.3,-114.3,0,0,
05/14/2026,10:27:22:680,0.000000,0.000000,1,-111.44,-111.44,0,0,
05/14/2026,10:27:22:929,0.000000,0.000000,1,-111.92,-111.92,0,0,
05/14/2026,10:27:23:155,0.000000,0.000000,1,-109.67,-109.67,0,0,
05/14/2026,10:27:23:401,0.000000,0.000000,1,-110.94,-110.94,0,0,
05/14/2026,10:27:23:647,0.000000,0.000000,1,-112.69,-112.69,0,0,
05/14/2026,10:27:23:892,0.000000,0.000000,1,-111.14,-111.14,0,0,
05/14/2026,10:27:24:139,0.000000,0.000000,1,-116.13,-116.13,0,0,
05/14/2026,10:27:24:381,0.000000,0.000000,1,-114.01,-114.01,0,0,
05/14/2026,10:27:24:768,0.000000,0.000000,1,-102.43,-102.43,0,0,
05/14/2026,10:27:24:874,0.000000,0.000000,1,-114.78,-114.78,0,0,
05/14/2026,10:27:25:114,0.000000,0.000000,1,-114.97,-114.97,0,0,
05/14/2026,10:27:25:360,0.000000,0.000000,1,-112.24,-112.24,0,0,
05/14/2026,10:27:25:610,0.000000,0.000000,1,-108.53,-108.53,0,0,
05/14/2026,10:27:25:851,0.000000,0.000000,1,-108.87,-108.87,0,0,
05/14/2026,10:27:26:095,0.000000,0.000000,1,-114.06,-114.06,0,0,
05/14/2026,10:27:26:340,0.000000,0.000000,1,-110.61,-110.61,0,0,
05/14/2026,10:27:26:628,0.000000,0.000000,1,-111.59,-111.59,0,0,
05/14/2026,10:27:26:850,0.000000,0.000000,1,-114.75,-114.75,0,0,
05/14/2026,10:27:27:082,0.000000,0.000000,1,-112.78,-112.78,0,0,
05/14/2026,10:27:27:319,0.000000,0.000000,1,-108.63,-108.63,0,0,
05/14/2026,10:27:27:563,0.000000,0.000000,1,-116,-116,0,0,
05/14/2026,10:27:27:809,0.000000,0.000000,1,-114.94,-114.94,0,0,
05/14/2026,10:27:28:053,0.000000,0.000000,1,-110.74,-110.74,0,0,
05/14/2026,10:27:28:298,0.000000,0.000000,1,-112.27,-112.27,0,0,
05/14/2026,10:27:28:551,0.000000,0.000000,1,-117.86,-117.86,0,0,
05/14/2026,10:27:28:788,0.000000,0.000000,1,-110.18,-110.18,0,0,
05/14/2026,10:27:29:034,0.000000,0.000000,1,-109.93,-109.93,0,0,
05/14/2026,10:27:29:285,0.000000,0.000000,1,-109.51,-109.51,0,0,
05/14/2026,10:27:29:521,0.000000,0.000000,1,-114.04,-114.04,0,0,
05/14/2026,10:27:30:015,0.000000,0.000000,1,-111.15,-111.15,0,0,
05/14/2026,10:27:30:078,0.000000,0.000000,1,-119.35,-119.35,0,0,
05/14/2026,10:27:30:304,0.000000,0.000000,1,-116.1,-116.1,0,0,
05/14/2026,10:27:30:515,0.000000,0.000000,1,-114.92,-114.92,0,0,
05/14/2026,10:27:30:749,0.000000,0.000000,1,-111.09,-111.09,0,0,
05/14/2026,10:27:30:993,0.000000,0.000000,1,-113.44,-113.44,0,0,
05/14/2026,10:27:31:238,0.000000,0.000000,1,-113.55,-113.55,0,0,
05/14/2026,10:27:31:483,0.000000,0.000000,1,-114.8,-114.8,0,0,
05/14/2026,10:27:31:727,0.000000,0.000000,1,-122.04,-122.04,0,0,
05/14/2026,10:27:31:971,0.000000,0.000000,1,-112.25,-112.25,0,0,
05/14/2026,10:27:32:227,0.000000,0.000000,1,-109.43,-109.43,0,0,
05/14/2026,10:27:32:461,0.000000,0.000000,1,-120.76,-120.76,0,0,
05/14/2026,10:27:32:706,0.000000,0.000000,1,-114.58,-114.58,0,0,
05/14/2026,10:27:32:956,0.000000,0.000000,1,-113.14,-113.14,0,0,
05/14/2026,10:27:33:200,0.000000,0.000000,1,-106.26,-106.26,0,0,
05/14/2026,10:27:33:441,0.000000,0.000000,1,-110.7,-110.7,0,0,
05/14/2026,10:27:33:685,0.000000,0.000000,1,-108.17,-108.17,0,0,
